year,Aruba,Africa Eastern and Southern,Afghanistan,Africa Western and Central,Angola,Albania,Arab World,United Arab Emirates,Argentina,Armenia,American Samoa,Antigua and Barbuda,Australia,Austria,Azerbaijan,Burundi,Belgium,Benin,Burkina Faso,Bangladesh,Bulgaria,Bahrain,"Bahamas, The",Bosnia and Herzegovina,Belarus,Belize,Bermuda,Bolivia,Brazil,Barbados,Brunei Darussalam,Bhutan,Botswana,Central African Republic,Canada,Central Europe and the Baltics,Switzerland,Chile,China,Cote d'Ivoire,Cameroon,"Congo, Dem. Rep.","Congo, Rep.",Colombia,Comoros,Cabo Verde,Costa Rica,Caribbean small states,Cuba,Cayman Islands,Cyprus,Czechia,Germany,Djibouti,Dominica,Denmark,Dominican Republic,Algeria,East Asia & Pacific (excluding high income),Early-demographic dividend,East Asia & Pacific,Europe & Central Asia (excluding high income),Europe & Central Asia,Ecuador,"Egypt, Arab Rep.",Euro area,Eritrea,Spain,Estonia,Ethiopia,European Union,Fragile and conflict affected situations,Finland,Fiji,France,Faroe Islands,"Micronesia, Fed. Sts.",Gabon,United Kingdom,Georgia,Ghana,Gibraltar,Guinea,"Gambia, The",Guinea-Bissau,Equatorial Guinea,Greece,Grenada,Greenland,Guatemala,Guam,Guyana,High income
1970,0.0252,228.4707,1.7339,42.4161,8.9339,4.845,270.7078,19.4648,87.5691,10.0995,0.0001,0.1024,160.3769,52.9672,24.2267,0.0583,139.2567,0.3114,0.2263,3.3384,69.0629,2.9781,1.4411,11.5364,60.0888,0.0593,0.1388,3.0225,106.9322,0.2549,2.0243,0.0351,0.1534,0.0756,358.1272,888.2721,41.4533,28.3898,909.9762,2.6158,0.8711,2.9264,1.8032,28.8518,0.0219,0.15,1.4334,4.0612,21.8917,0.0255,2.1675,188.2861,1084.6575,0.7116,0.0076,61.9534,3.8822,19.6906,1119.007,1176.6564,2226.6601,967.4633,6543.6574,5.019,25.4499,2598.3061,0.3417,144.2628,21.2641,1.1671,3516.0437,674.343,41.2422,0.7127,469.4414,0.0009,0,0.6037,673.4202,23.9305,2.3446,0.0695,0.4594,0.0792,0.0442,0.0416,28.8581,0.0112,0.0008,2.5,0.0001,1.5025,11859.3209
1971,0.0288,227.1187,1.7337,57.1897,8.5195,4.8381,289.0603,25.4298,87.8908,10.1155,0.0001,0.1023,162.1077,55.6333,24.2495,0.0584,129.1389,0.3617,0.2266,3.3452,69.0005,2.9968,1.4637,11.5732,60.1849,0.0593,0.1387,3.7702,106.5753,0.2547,1.871,0.0371,0.1535,0.0756,365.7851,898.811,43.4093,30.8359,913.4194,2.6676,0.9274,2.9567,2.0656,29.1582,0.0219,0.15,1.4465,4.0839,22.0693,0.0273,2.1843,188.5454,1077.4192,0.7116,0.0076,57.6843,3.9304,23.0111,1123.9447,1189.826,2231.202,970.833,6555.0587,4.4901,25.1577,2609.8951,0.3399,140.8825,21.2894,1.1708,3527.0647,678.9073,40.6554,0.7216,481.5545,0.0009,0,1.1167,668.6714,23.6533,2.3843,0.0695,0.4621,0.0793,0.0442,0.0416,29.9074,0.0112,0.0008,2.4989,0.0002,1.5025,11767.2588
1972,0.0395,236.0831,1.6936,70.5182,10.3661,5.5183,323.0438,27.7474,89.7154,10.8289,0.0001,0.1246,167.9569,57.8461,25.871,0.0582,140.7476,0.4616,0.2257,3.4694,71.3123,3.5852,1.7255,11.3696,64.2946,0.072,0.169,4.4954,116.2031,0.3084,2.2027,0.0403,0.197,0.0754,383.0355,926.4159,44.1076,32.1775,973.9099,2.9648,0.9673,3.0413,1.9782,29.8791,0.0218,0.1492,1.6214,4.567,21.6928,0.0355,2.6634,188.4773,1105.2903,0.708,0.0092,59.7324,5.0595,35.1511,1182.7031,1279.3202,2348.4843,1031.1904,6822.4436,4.4801,27.3379,2730.4776,0.3217,153.2387,23.1558,1.087,3673.2092,711.5789,44.3479,0.7701,499.1043,0.001,0,1.2035,657.7172,25.127,2.4962,0.0596,0.4647,0.0789,0.044,0.0479,36.7289,0.0136,0.0008,2.7412,0.0002,1.5246,12336.0328
1973,0.0443,257.7254,1.7339,91.7246,11.347,4.9519,373.801,35.8436,92.8004,11.7685,0.0001,0.1257,177.3185,61.156,28.0467,0.06,146.1458,0.4765,0.2332,4.0983,72.2927,4.5234,1.7179,12.3895,70.2668,0.0727,0.1705,4.1854,135.1541,0.3049,2.6747,0.0424,0.2623,0.0779,401.9821,970.0319,47.7356,32.0939,1013.6614,3.0499,1.01,3.0599,8.9588,30.8285,0.0225,0.1544,1.8319,4.8287,23.382,0.0381,2.7716,186.5225,1157.7203,0.7327,0.0093,58.7828,5.0759,47.2991,1237.6773,1400.3129,2544.5992,1098.3442,7203.0564,5.6654,25.4537,2889.4308,0.3246,166.1214,26.4646,1.1872,3865.9834,772.4076,48.4209,0.9165,535.7473,0.001,0,3.8554,690.031,26.6422,2.5507,0.06,0.4807,0.0816,0.0455,0.0289,39.2983,0.0137,0.0008,2.9108,0.0002,1.7661,13036.0895
1974,0.0435,264.8591,2.1903,113.8563,11.8066,5.3296,365.893,36.0107,93.2802,12.6822,0.0001,0.1119,186.8463,58.6676,30.2288,0.0642,144.9777,0.489,0.251,4.3153,73.1604,5.3311,1.5015,13.4187,76.0691,0.0648,0.1519,3.985,145.9414,0.2721,2.7759,0.0432,0.4532,0.0839,410.0579,979.0147,43.0445,30.2627,1031.2094,3.1332,0.9847,3.2146,12.8843,31.9346,0.0243,0.1667,1.798,4.266,25.3607,0.0359,2.1222,169.7647,1122.5066,0.7913,0.0083,52.382,5.4281,39.9004,1263.5309,1460.4252,2583.7855,1151.9594,7220.5881,6.9171,29.426,2841.4858,0.3172,178.5506,29.4867,1.2018,3806.1323,816.0933,44.6083,1.1086,517.0076,0.001,0,3.9574,644.6402,27.9254,2.7186,0.06,0.5136,0.0881,0.0491,0.0352,38.5104,0.0122,0.0009,3.0195,0.0002,1.5581,12843.9382
1975,0.0574,277.3453,2.029,91.2373,10.9047,5.4241,367.3776,36.6794,90.9167,13.8422,0.0001,0.1355,193.595,56.3427,32.7151,0.0664,127.6903,0.5486,0.2607,5.1729,78.267,5.5011,1.5368,13.6898,81.7167,0.0783,0.1839,4.5329,156.4252,0.3279,2.8612,0.0428,0.5606,0.087,400.2143,1026.7045,40.6342,27.4668,1182.5986,3.4029,1.2483,3.1596,7.9651,34.3332,0.0252,0.1732,1.9711,4.7685,26.0754,0.0459,2.1636,177.0444,1060.5661,0.8221,0.01,54.6674,5.6344,36.4074,1427.6095,1506.3406,2705.7539,1214.5659,7252.7608,7.4965,31.7245,2705.6486,0.3017,184.4173,32.0739,1.0691,3715.3565,818.943,44.761,0.9213,476.4954,0.0011,0,5.0973,623.6572,29.9327,2.8941,0.063,0.5304,0.0915,0.0509,0.0382,40.5123,0.0148,0.0009,3.3205,0.0002,1.8403,12538.9421
1976,0.0564,289.9063,1.8926,103.4512,7.292,5.7966,433.9417,45.581,95.5879,14.2322,0.0001,0.1229,196.384,61.6789,33.7414,0.0687,137.3342,0.3659,0.2701,5.5505,79.1423,5.9686,1.3565,13.5473,85.2787,0.0711,0.1667,5.1221,171.8647,0.3065,3.3071,0.0446,0.8179,0.0901,413.3629,1080.6694,42.32,28.0982,1230.6257,3.8886,1.1621,3.1005,7.6969,36.6331,0.0262,0.1795,2.0285,4.526,27.5141,0.0438,2.6315,182.448,1122.9347,0.8525,0.0091,60.3766,5.7819,47.0741,1485.3923,1639.0425,2813.9173,1255.6369,7624.5948,8.5859,36.6724,2901.8991,0.294,202.6224,33.673,1.0644,3975.2004,867.9012,51.0003,0.9065,521.9985,0.0011,0,5.9131,629.8113,30.4322,2.9599,0.0625,0.55,0.0949,0.0528,0.0383,45.4646,0.0134,0.0009,3.2914,0.0002,1.8655,13272.2644
1977,0.0671,293.7032,2.2826,90.4019,12.0335,6.2009,447.9059,45.8764,99.5195,14.7678,0.0001,0.1357,209.6638,58.9658,34.9679,0.071,134.7522,0.4271,0.2793,5.7769,82.1489,6.5894,1.5063,14.2747,88.1964,0.0784,0.1841,4.9204,179.5368,0.3352,3.3854,0.0471,0.9335,0.0932,427.8718,1126.258,42.7429,26.1943,1383.5222,3.857,1.6236,3.2098,2.4694,37.6184,0.0271,0.1859,2.5563,4.8049,29.9989,0.0508,2.7938,192.9388,1101.4441,0.8828,0.01,62.0825,6.2465,52.1495,1671.065,1720.8175,3055.9344,1289.0218,7685.0732,9.9783,37.8326,2843.4664,0.249,194.5749,35.0478,1.1356,3954.6441,864.8771,50.6766,0.9608,503.433,0.0012,0,5.8443,638.3125,30.7359,3.0552,0.0594,0.57,0.0983,0.0546,0.0383,47.6866,0.0148,0.0009,3.7733,0.0002,1.8685,13546.5971
1978,0.0719,273.3683,1.9341,94.0102,14.2163,6.821,479.6342,52.6114,98.5796,15.3786,0.0001,0.1357,205.9886,60.8685,36.9661,0.0722,139.1765,0.4541,0.284,6.1968,88.2078,6.974,1.5275,14.9598,91.8294,0.0784,0.1841,5.6074,194.2063,0.345,3.49,0.0497,1.0545,0.0947,431.0299,1192.8193,43.949,26.8977,1559.4212,4.4631,1.7588,3.2324,1.5294,40.1198,0.0276,0.1889,2.7622,4.7471,32.1589,0.0532,2.9037,190.7715,1139.317,0.8971,0.01,62.0204,6.3641,57.3541,1876.2956,1759.2777,3266.8365,1359.7355,8021.5744,11.214,38.3145,2939.8478,0.2586,193.408,37.3226,1.1718,4100.0397,921.8881,57.1255,0.9594,521.4465,0.0012,0,6.4959,636.4771,31.5327,2.9712,0.0562,0.5819,0.0999,0.0555,0.0734,50.3037,0.0148,0.0009,4.1723,0.0002,1.7606,13830.2498
1979,0.0759,279.7218,2.0593,124.1053,14.1794,7.9367,515.5544,37.8795,104.2683,15.959,0.0001,0.1342,211.8454,63.3083,38.3841,0.0822,148.4197,0.5095,0.3262,6.9084,91.4849,7.4412,1.5738,15.4567,95.0347,0.0776,0.1821,4.9895,207.3871,0.3455,3.1636,0.0513,1.2006,0.1088,445.1962,1216.7315,42.6298,28.5284,1597.3528,4.1629,1.9104,3.5759,1.3888,40.3448,0.0318,0.2181,2.755,4.7018,32.5677,0.055,3.0984,200.516,1189.4771,1.0364,0.0099,65.4413,6.7225,57.4234,1939.5082,1849.016,3374.3897,1385.8739,8257.6389,12.1527,41.6094,3062.1831,0.2868,205.1615,38.8193,1.2175,4246.2184,994.953,56.8908,1.0275,529.0211,0.0012,0,6.3993,672.6636,32.6203,2.635,0.0788,0.6614,0.1152,0.0639,0.0704,53.2161,0.0146,0.0009,4.6515,0.0002,1.6812,14142.0407
1980,0.0798,296.401,2.0064,114.4605,14.3161,8.0735,543.2508,41.1385,101.8262,17.0238,0.0001,0.1327,222.0147,61.4529,40.4242,0.0811,137.7779,0.5354,0.3206,7.7174,94.606,7.543,1.5459,14.8941,98.5668,0.0767,0.18,4.9768,207.1238,0.345,3.9541,0.0518,1.2678,0.107,450.4307,1226.298,43.3936,28.3821,1563.2162,3.9601,2.0363,3.5392,1.8231,41.0885,0.0312,0.2141,2.4905,4.7437,33.4034,0.0568,3.2699,193.5133,1135.5984,1.017,0.0098,64.8679,6.9176,57.2036,1912.0672,1939.5342,3334.124,1433.2436,8219.6611,12.7934,45.7037,2984.4182,0.3011,214.9333,40.2856,1.2527,4164.7596,1008.6449,57.4176,1.1024,507.05,0.0013,0,6.1519,608.3254,33.502,2.6631,0.094,0.6503,0.1131,0.0628,0.0642,53.3281,0.0144,0.0009,4.6664,0.0002,1.7731,13840.7391
1981,0.0829,308.1186,2.2599,98.8202,13.2323,7.0726,511.0704,38.0555,98.7968,17.4361,0.0001,0.1163,222.9747,57.9918,41.6383,0.0883,125.8692,0.445,0.3078,7.7965,90.7195,8.0758,1.3597,16.4958,100.4479,0.0707,0.1535,5.2964,191.2793,0.3426,3.3217,0.0782,1.3857,0.1319,431.7735,1184.147,41.0152,25.8953,1549.1034,3.6246,2.1746,3.7846,2.048,41.5973,0.0299,0.2048,2.3062,4.4134,33.6532,0.058,3.1313,194.1664,1099.9653,0.7786,0.0142,54.5538,6.5773,54.0015,1904.1203,1999.6697,3313.0526,1417.3659,7993.9579,14.087,51.6582,2864.5683,0.3395,220.6067,41.3508,1.3619,3986.064,965.6241,48.0092,1.1253,456.7116,0.0013,0,6.4751,589.021,33.9025,3.1744,0.0876,0.616,0.1083,0.0602,0.0832,53.0084,0.0188,0.001,4.0327,0.0002,1.7728,13502.1421
1982,0.0818,311.9497,2.3096,94.8289,12.7715,7.273,531.0643,38.065,98.0069,17.9758,0.0001,0.1476,229.2624,55.8364,42.417,0.0737,118.1268,0.5166,0.2871,8.4247,92.592,8.5082,1.1149,17.0804,101.3849,0.0618,0.1521,5.5191,189.3224,0.327,3.6991,0.0778,1.4459,0.1319,413.774,1192.1974,38.7975,21.8927,1619.3245,3.4455,2.3055,3.0438,2.3753,42.1911,0.0278,0.0818,1.9716,3.7724,33.4652,0.0585,3.165,196.1482,1054.0401,0.7221,0.0133,56.8467,6.397,56.8631,1984.5583,2104.4569,3362.4524,1416.5707,7901.8283,14.1821,55.8185,2762.0878,0.3176,214.1535,41.5158,1.2494,3888.8997,968.1602,46.2631,1.0957,435.6642,0.0013,0,6.4581,573.101,33.4978,2.7334,0.0976,0.5859,0.1006,0.056,0.064,54.1476,0.0176,0.001,3.6856,0.0002,1.4426,13114.0791
1983,0.0844,315.0206,3.0017,96.64,13.2213,7.7922,551.0051,36.7928,101.4394,18.0297,0.0001,0.0853,217.7334,55.8522,43.2745,0.0897,108.4403,0.5097,0.3134,9.0615,91.6514,8.8347,0.8214,18.0839,101.9204,0.0606,0.1575,5.6834,181.6293,0.3422,4.0309,0.079,1.4168,0.1541,407.4239,1199.718,42.8926,22.3959,1704.0766,4.0555,4.6561,3.9793,2.4495,44.279,0.0304,0.0896,2.0014,3.1225,36.0357,0.0616,3.1507,196.8016,1069.5505,0.5936,0.0131,53.3088,7.4131,59.193,2085.8976,2154.5236,3474.4725,1423.0434,7917.9849,13.3304,62.16,2747.995,0.3225,217.3049,41.2522,1.3341,3867.4096,977.2913,44.6772,0.9069,416.5339,0.0014,0,5.9312,566.2653,32.9207,1.7268,0.0882,0.6461,0.1102,0.0612,0.0419,57.6321,0.0173,0.001,3.13,0.0002,1.2941,13114.3293
1984,0.0986,333.2589,3.2247,97.8836,13.3566,8.4312,546.5349,49.9812,100.8356,18.1671,0.0001,0.1043,223.519,57.6595,44.0578,0.1063,111.2359,0.5236,0.3035,8.7713,90.1123,9.0448,0.8058,18.8433,101.4506,0.072,0.1705,5.1932,184.7581,0.4101,3.9039,0.0775,1.4118,0.1395,426.7784,1218.0128,42.3806,23.629,1858.5479,3.6146,4.8666,3.8871,2.4174,45.0188,0.0294,0.1056,2.0778,3.2736,38.0275,0.0732,3.2027,199.3563,1085.7373,0.4775,0.0145,54.9459,7.7952,62.3585,2251.2785,2201.1985,3737.8479,1431.2757,7979.434,13.9981,68.4383,2764.2425,0.3238,206.4322,40.2142,1.2417,3900.3001,993.291,46.0212,0.7566,404.9673,0.0014,0,6.8601,549.9603,32.6353,2.0009,0.0849,0.6284,0.116,0.0783,0.045,59.0334,0.0192,0.001,3.5132,0.0002,1.4026,13466.7213
1985,0.1041,341.1113,4.1234,101.9836,14.1037,8.0739,568.3927,51.8115,94.2104,18.2517,0.0001,0.1047,237.9354,59.1314,44.7896,0.1063,108.8066,0.6167,0.2936,9.7956,92.2785,9.6479,0.7141,19.8481,101.4446,0.0723,0.1663,5.1147,198.0525,0.499,3.8487,0.0825,1.5112,0.1392,426.65,1226.0146,45.577,22.833,1878.4752,3.3124,4.7773,3.6316,2.4565,46.5636,0.0293,0.1052,2.1905,3.4323,35.3922,0.0759,3.1464,196.7488,1086.3402,0.4758,0.0145,62.7432,6.8513,71.6842,2289.8078,2276.5099,3774.2839,1442.2409,8074.5473,15.058,71.8168,2758.1625,0.3332,199.7004,39.3794,1.2912,3914.6554,1004.397,50.4558,0.849,394.7068,0.0014,0,7.8405,576.5427,32.1973,2.3411,0.0912,0.589,0.1156,0.0875,0.0422,62.4469,0.0192,0.001,3.692,0.0002,1.4407,13575.8696
1986,0.1137,341.8975,3.9416,99.3758,14.2462,8.1514,593.4645,50.2341,101.6382,18.4423,0.0001,0.1107,238.3953,57.923,45.6652,0.1115,109.3708,0.5528,0.3575,10.7825,93.3762,10.9692,0.7477,20.7833,101.8944,0.0935,0.163,4.7652,216.9334,0.5394,3.6236,0.0831,1.7381,0.1741,416.5804,1236.4075,45.4827,23.1058,1994.7336,3.4591,5.7851,3.4,2.3933,47.0817,0.017,0.034,2.286,3.4632,36.03,0.0838,3.4975,194.7943,1080.194,0.4449,0.0125,63.3748,7.6611,74.9488,2419.4741,2352.2635,3913.031,1476.6803,8199.2952,15.748,74.9843,2752.2105,0.2914,203.572,38.3614,1.622,3922.0643,1031.8555,50.5612,0.8734,382.601,0.0015,0,5.6283,590.5337,31.9121,2.5387,0.1171,0.737,0.1087,0.0785,0.0484,62.0399,0.0231,0.0011,3.206,0.0002,1.3645,13640.5729
1987,0.1287,362.7906,3.2728,95.9753,14.5016,8.2927,620.9081,52.0698,107.2494,18.6401,0.0001,0.1462,249.5845,58.5075,46.638,0.1621,109.4755,0.5021,0.5075,11.8891,93.715,10.7213,0.8834,19.2044,102.491,0.0814,0.2482,4.9487,222.9327,0.5101,3.7273,0.1288,1.8036,0.2234,429.3182,1261.4488,43.8912,23.3412,2133.2782,3.3755,5.2597,3.7346,2.4444,49.107,0.0503,0.0505,2.4103,3.4935,39.2455,0.0943,4.0593,194.6384,1072.2524,0.6427,0.0185,61.4097,8.8066,72.2302,2573.4529,2497.1433,4093.4059,1531.3756,8361.6732,14.4908,81.2609,2775.1374,0.2965,204.7613,37.7335,1.8992,3965.6696,1061.8799,55.2232,0.7929,375.7727,0.0015,0,4.7992,595.1847,32.322,2.7077,0.1286,1.0721,0.1857,0.1828,0.0515,67.2296,0.0305,0.0011,3.586,0.0002,1.3454,13962.8669
1988,0.1428,368.8666,3.0879,103.4346,14.9408,8.1996,653.5816,50.9892,111.0341,18.5454,0.0001,0.1579,258.3833,57.1106,46.5325,0.2296,111.7281,0.4546,0.498,12.7404,92.8576,11.315,0.9025,19.5458,100.9007,0.0639,0.2915,5.359,227.771,0.5231,4.0581,0.1337,2.1641,0.2055,460.3398,1252.3596,43.8462,28.2796,2293.5826,3.4132,3.3138,3.8769,2.4171,49.6187,0.0461,0.0625,2.5517,3.6871,40.9248,0.1075,4.1142,190.6227,1065.9799,0.5769,0.0213,57.4886,8.8325,72.9392,2758.4028,2567.2587,4393.6326,1546.5538,8420.232,16.2709,83.4202,2789.2523,0.3056,208.9371,35.8069,1.9832,3958.504,1078.2812,53.8674,0.7837,375.8439,0.0015,0,4.96,592.8904,31.837,2.8425,0.1439,1.0062,0.1705,0.1935,0.0579,71.7362,0.0339,0.0011,3.5234,0.0002,1.3954,14407.3366
1989,0.1974,366.0532,2.896,108.5949,15.1035,7.9059,683.3993,56.936,107.7763,18.1265,0.0001,0.1618,274.1612,57.1139,46.6666,0.2438,112.803,0.4008,0.4126,14.0782,91.7015,11.4205,1.057,19.8861,97.4222,0.0961,0.3625,6.1703,230.9712,0.5959,3.9946,0.1355,2.3852,0.19,475.4707,1212.0204,43.6567,33.9725,2372.0946,3.2791,4.7609,3.685,2.42,51.1549,0.0427,0.0694,2.8824,3.8949,41.7152,0.1102,4.3509,183.0856,1050.769,1.227,0.0218,51.8045,9.4093,73.1939,2861.1285,2665.6232,4556.8345,1550.948,8428.1364,16.3366,88.5723,2837.7732,0.313,227.2505,32.5576,2.0915,3965.1105,1090.1985,53.8885,0.9069,390.36,0.0016,0,6.2585,579.2874,30.6512,3.1715,0.1375,0.9064,0.1573,0.181,0.0772,76.4174,0.0348,0.0011,3.7556,0.0002,1.234,14570.3928
1990,0.2009,378.5044,2.9222,102.7717,11.2307,6.645,675.5995,56.8876,100.1876,20.7801,0.0001,0.1637,277.7123,61.5593,56.1243,0.2004,115.8086,0.3971,0.3263,14.7656,80.0522,11.9969,1.0862,24.5731,105.5316,0.1256,0.2525,6.5816,226.8945,0.6156,4.3,0.1812,2.8226,0.1589,440.4753,1071.9185,44.8095,33.2175,2414.2798,2.9721,4.7541,3.3692,2.3845,53.3217,0.0393,0.0537,2.9148,4.455,38.6604,0.115,4.6385,165.492,1013.0316,0.9732,0.0213,52.426,8.0469,72.1593,2952.9039,2825.2457,4770.9769,1690.0053,8599.6018,17.5541,91.5009,2822.9977,0.3292,231.8185,39.4841,2.1861,3809.7009,1162.1108,56.2215,1.015,385.272,0.0016,0,6.1711,582.349,34.4884,3.131,0.1438,0.9456,0.1223,0.1687,0.0711,77.9022,0.0508,0.0011,3.9143,0.0002,1.1737,14573.564
1991,0.2262,370.7042,2.847,107.9857,11.7805,4.3795,695.405,64.7222,105.5928,21.5981,0.0001,0.1644,279.7336,65.5004,54.8341,0.2829,119.7312,0.3489,0.4592,14.0678,64.9188,11.5692,0.9814,21.9911,101.6405,0.144,0.2279,6.8975,235.2697,0.5871,4.9095,0.1884,2.7918,0.2093,434.5216,980.4798,47.1246,31.7889,2550.1993,3.0648,4.5306,1.8945,2.4329,55.1099,0.0474,0.0673,3.1523,4.4736,30.1225,0.1137,5.1605,150.1519,992.0353,1.222,0.0214,63.0839,8.4261,75.1918,3118.1711,2932.0293,4982.0333,1619.8557,8443.7703,17.5914,93.6738,2832.2337,0.3782,239.5207,36.0416,2.1654,3757.6814,1117.6594,56.9069,0.8914,410.3361,0.0016,0,4.9339,591.4813,26.61,2.9029,0.203,0.9178,0.1525,0.2114,0.0741,77.9286,0.051,0.0012,4.1374,0.0002,1.1459,14505.6726
1992,0.2506,364.3665,1.8199,116.8532,12.119,2.363,741.1032,62.5224,107.511,10.9766,0.0001,0.1655,283.1129,60.5095,44.9013,0.2228,117.6273,0.3793,0.393,15.7315,62.022,13.6153,0.8464,16.2277,91.8395,0.1201,0.1801,7.4295,238.7015,0.5706,5.3613,0.1866,3.3972,0.1691,447.282,906.9701,47.0831,32.8713,2669.7809,3.052,4.3545,1.6281,2.3727,57.173,0.0403,0.0669,4.2417,4.2172,23.9125,0.1163,5.4883,144.3737,938.1013,1.0463,0.0216,57.389,9.7775,84.7812,3248.5558,3014.4518,5148.4339,1457.3254,7934.0959,18.5313,97.445,2729.5811,0.491,247.7517,26.1341,1.6957,3613.9383,1055.4774,54.0902,1.0005,396.929,0.0016,0,4.9719,578.1824,20.921,3.4272,0.241,0.8228,0.1297,0.1893,0.0741,80.0566,0.0527,0.0012,4.8503,0.0002,1.0825,14293.9423
1993,0.2514,364.4641,1.7848,115.0574,12.1416,2.2227,792.8218,65.9141,111.2743,5.1153,0.0001,0.1613,287.0239,60.5648,39.3849,0.2479,115.6967,0.3841,0.4122,16.9513,62.8343,14.7277,0.87,13.6194,79.2904,0.1171,0.201,8.8875,249.3408,0.543,5.4108,0.1997,3.3506,0.1841,446.6273,885.7107,44.7696,34.9029,2890.2011,3.2383,4.7584,1.5698,2.3418,60.4344,0.0394,0.0652,4.2635,4.2393,21.8696,0.1078,5.7449,139.8451,929.647,1.0292,0.0388,59.7112,9.6559,82.9727,3500.7326,3113.7798,5431.4296,1299.7774,7501.8497,18.0792,97.7831,2670.861,0.6836,233.1051,21.3564,2.1588,3548.0765,1003.5314,55.3646,1.0836,377.283,0.0016,0,5.0827,562.1317,16.7463,3.5358,0.2441,0.8481,0.1359,0.2035,0.0772,79.5835,0.0594,0.0012,5.3853,0.0002,1.0888,14196.9375
1994,0.2856,372.7854,1.6852,111.4613,11.4904,2.3441,842.1033,72.5685,114.6833,2.8083,0.0001,0.1757,292.3756,61.0913,34.512,0.2568,122.1112,0.3903,0.4491,17.9993,60.0225,14.9996,0.9644,3.2992,67.5917,0.1137,0.1991,9.5922,258.7584,0.5287,5.4938,0.2587,3.2124,0.193,463.8531,863.2879,43.8367,38.1352,3046.9517,3.3845,5.1466,2.4828,2.1439,59.9535,0.0393,0.0764,5.0028,4.7295,22.4985,0.1269,5.9889,134.3608,915.6041,1.0535,0.0512,63.6914,11.2836,81.1524,3692.6293,3291.3408,5706.3472,1136.5027,7124.239,18.9513,93.2228,2671.107,0.7708,243.9679,21.9624,2.4961,3537.3744,935.0122,62.0906,1.1334,373.0042,0.0016,0,5.0458,554.6245,10.9197,3.7636,0.2882,0.8616,0.156,0.2028,1.2117,81.2057,0.0694,0.0012,5.8208,0.0002,1.4149,14204.4252
1995,0.3142,392.5503,1.463,121.6235,12.9533,2.07,867.1205,77.4025,116.2684,3.5412,0.0001,0.1839,302.6923,64.0531,33.8799,0.2528,122.4165,0.3967,0.4613,21.777,61.3665,15.2432,1.1152,3.5138,60.425,0.1285,0.2002,8.6718,279.9611,0.5413,5.8136,0.3221,3.3415,0.1983,475.9147,868.7895,44.6228,41.7853,3365.8147,3.7028,5.1556,2.3151,2.73,62.7419,0.0403,0.0764,4.966,5.0552,23.9401,0.133,5.8588,133.5898,910.8205,1.0726,0.0589,60.588,11.9964,83.8167,4071.9564,3431.2871,6138.5309,1099.922,7087.6855,20.8018,99.7265,2718.5035,0.834,256.4464,20.0042,2.8262,3588.8797,946.1473,58.749,1.1237,382.0537,0.0016,0,5.6706,548.0823,8.5195,4.0442,0.2819,0.8776,0.1488,0.2084,1.2873,84.2534,0.0623,0.0012,6.7928,0.0002,1.5324,14334.7839
1996,0.2066,407.2177,1.4172,140.7514,15.6788,2.0549,889.7174,80.8908,126.5706,2.5941,0.0001,0.1824,312.6713,67.9724,28.4018,0.2717,127.4091,1.0743,0.5113,22.0842,61.6603,15.7942,1.2447,4.3985,61.3563,0.1067,0.2041,8.383,300.6037,0.5293,6.1074,0.3595,3.012,0.2158,489.835,896.4269,45.1726,47.8879,3340.3022,4.632,5.2859,2.5595,3.2862,61.7932,0.0418,0.0914,4.7421,5.1912,25.9294,0.132,6.2215,137.3959,939.6957,1.1131,0.0646,74.0147,12.9051,81.506,4088.8192,3601.9977,6205.2586,1022.0996,7090.3808,23.9672,106.9189,2776.4979,0.9171,247.4537,20.9777,3.1868,3689.8982,907.438,64.9344,1.178,396.7419,0.0016,0,6.3326,567.3642,6.8969,4.3889,0.2882,0.9093,0.1544,0.2062,1.4079,84.2419,0.0665,0.0013,6.6714,0.0002,1.5818,14664.8891
1997,0.3427,423.815,1.3846,140.1474,16.4021,1.5805,931.8766,84.3016,130.9264,3.3384,0.0001,0.193,322.3709,67.5303,27.4202,0.2717,124.4185,1.3638,0.8171,23.9557,59.3284,16.2596,1.2551,8.7223,61.8047,0.1844,0.2096,10.1647,319.2461,0.6287,6.501,0.38,3.2156,0.2159,505.6071,867.2051,43.8849,54.3526,3437.3624,5.6389,5.3211,2.5666,3.3841,67.0483,0.0419,0.0915,4.6763,5.604,28.3786,0.1355,6.3116,134.0099,907.821,1.1231,0.0629,64.2483,14.6828,79.6208,4234.6981,3759.0974,6370.4261,997.8302,6855.6502,24.9776,113.7744,2750.1247,0.8588,267.1066,20.5437,3.3329,3618.8452,909.5714,62.7406,1.2167,388.4739,0.0017,0,6.0488,546.492,6.0482,4.6169,0.2975,0.9196,0.1545,0.2162,1.9362,85.1912,0.0907,0.0013,6.9768,0.0002,1.724,14786.9744
1998,0.3509,431.596,1.4204,135.0238,17.0364,1.9147,943.6983,86.4781,138.0079,3.4726,0.0001,0.1976,342.1087,68.0915,27.3769,0.2868,127.4042,1.3144,0.7712,24.4779,56.8548,17.2345,1.4421,11.05,60.3055,0.1874,0.2146,10.1715,328.5461,0.6917,5.743,0.3978,3.8272,0.22,513.8019,812.7633,45.343,54.8565,3522.1029,5.4646,5.5391,2.5554,4.0263,68.1565,0.0529,0.0932,5.1709,5.8794,27.8584,0.1388,6.6152,127.9637,906.9508,1.1445,0.0361,60.2591,16.7893,81.4389,4291.0535,3881.0996,6338.5527,1004.2508,6864.4046,24.5068,120.1209,2797.514,0.6394,275.1191,18.6129,3.5415,3610.8575,862.4156,59.5391,1.2062,410.4713,0.0017,0,6.923,547.1041,5.4855,6.2698,0.3132,0.9521,0.1677,0.2204,2.3542,88.6434,0.0792,0.0013,8.7029,0.0003,1.7494,14787.0595
1999,0.3555,418.7064,1.3755,136.8567,18.0314,3.0866,959.1949,89.1524,139.9387,3.1042,0.0001,0.2002,348.1127,66.2254,27.3926,0.2953,123.0367,1.4403,0.7975,26.1286,50.1186,17.3259,1.2959,10.8913,58.1594,0.1958,0.2174,8.8735,335.897,0.7243,6.0082,0.4027,4.0329,0.2265,523.3953,767.8691,45.6071,57.3902,3447.8801,7.2971,5.3336,2.3613,4.1687,59.4619,0.0545,0.096,5.1614,5.7673,28.6382,0.1406,6.8764,119.7128,871.0236,1.1787,0.0619,57.2821,18.2017,84.9526,4256.0985,3996.8318,6390.814,991.7324,6835.0464,21.6963,129.4034,2776.4491,0.6792,297.102,17.139,3.4956,3545.711,842.4373,58.8945,1.2926,404.1642,0.0017,0,6.59,543.7186,4.888,6.8425,0.3257,0.985,0.1727,0.2269,2.5728,88.8936,0.0802,0.0013,8.6664,0.0003,1.7376,14907.3434
2000,0.2686,425.0283,1.0161,146.74,16.5119,3.2325,994.5824,88.4569,136.7616,3.5696,0.0001,0.1354,353.8697,66.6907,28.7944,0.2947,124.9696,1.5449,0.8788,26.9738,48.1748,17.7715,0.9968,14.2802,56.2579,0.1383,0.1503,8.2007,349.3972,0.5885,6.0746,0.4072,4.0992,0.2585,543.0448,762.7568,44.7999,53.8516,3666.951,6.9671,5.7257,1.8763,4.5115,62.5742,0.0909,0.2826,5.1197,5.3014,28.9918,0.1315,7.1321,132.3132,871.7357,0.7398,0.0554,53.1558,19.0082,87.9362,4503.5094,4141.733,6713.2241,1024.1522,6907.8644,22.0427,127.9103,2801.717,0.6703,313.2399,17.3765,3.876,3563.256,872.2955,57.5252,1.4606,401.2112,0.0018,0,6.6035,551.6797,5.2121,6.0859,0.3412,1.471,0.2682,0.2027,2.7446,96.0546,0.0573,0.0013,9.6854,0.0003,1.6621,15224.604
2001,0.2715,436.7736,0.9447,155.8359,16.1923,3.4393,1054.299,101.2593,131.3471,3.6333,0.0001,0.1323,360.4081,71.376,27.717,0.2344,125.934,1.8564,1.0136,32.6293,50.4222,18.4025,0.992,14.0958,54.9858,0.1406,0.1486,7.9317,351.3128,0.5656,5.8616,0.4347,3.9553,0.2715,534.3097,775.0201,46.2235,51.6573,3844.8357,6.9869,5.6996,1.824,4.3985,62.2025,0.0964,0.3228,5.5204,5.3126,27.8195,0.1302,6.9975,132.222,885.8183,0.7502,0.0558,54.7542,19.1404,85.8203,4723.7146,4215.8084,6937.2486,999.4028,6951.9258,24.3091,141.1988,2845.4193,0.7353,313.9155,17.7592,4.787,3616.0282,897.9298,63.5715,1.5821,405.3435,0.0018,0,6.7406,562.9085,3.8787,6.5732,0.35,1.5662,0.2961,0.2101,3.6006,98.1094,0.0582,0.0014,10.1746,0.0003,1.6456,15268.1338
2002,0.2966,450.3511,0.9423,146.2791,15.9154,4.0064,1090.0402,103.5184,124.055,3.1013,0.0001,0.1497,368.6209,73.216,27.4863,0.2214,118.4934,2.142,1.076,34.3402,47.5945,19.2269,1.0863,14.8272,55.1888,0.1405,0.1655,8.463,351.41,0.6067,5.5579,0.471,4.1749,0.2776,554.0309,758.4701,44.5979,52.1922,4150.578,7.3873,5.6171,1.9136,2.8591,59.7636,0.0998,0.3592,5.6342,5.0488,26.5619,0.1426,7.1748,127.3976,870.3116,0.7784,0.0507,54.2753,21.0142,89.6841,5064.6973,4347.8641,7327.1525,1033.8719,6948.2676,24.2961,144.9575,2850.3327,0.7255,331.3246,16.9988,4.9208,3604.8624,888.7241,65.7216,1.3076,399.9106,0.0018,0,6.4718,546.9059,3.5922,7.7515,0.3562,1.6889,0.3077,0.222,3.2122,98.0738,0.0633,0.0014,10.6929,0.0003,1.6237,15176.6693
2003,0.3419,473.8282,1.008,158.1168,17.3296,4.2112,1122.2393,108.8196,135.2443,3.4707,0.0001,0.1633,368.115,78.1656,29.7753,0.1834,123.3716,2.3992,1.1956,35.9828,53.4602,19.8961,0.8091,15.1877,55.8297,0.1482,0.171,9.0138,346.4595,0.6382,6.4526,0.4801,4.135,0.2622,573.6839,791.4541,45.8877,54.1194,4790.8644,5.8143,5.7335,2.3182,3.5661,59.2602,0.1294,0.3602,6.0563,4.9729,25.7945,0.1502,7.8432,130.6623,878.2763,0.8201,0.0576,59.7041,18.7919,96.5024,5762.333,4530.8841,8038.9349,1098.3651,7192.1664,24.8368,147.8503,2915.743,0.7004,339.7315,19.0305,5.2596,3704.95,924.4898,74.0902,1.5211,404.8426,0.0019,0,7.342,560.427,3.9549,7.2791,0.3625,1.7846,0.3126,0.2623,3.5906,101.8317,0.0696,0.0014,10.6463,0.0003,1.6197,15496.9797
2004,0.3489,510.3818,0.8929,157.0589,17.6903,4.414,1184.848,115.0197,149.7328,3.759,0.0001,0.1659,381.942,79.6051,29.5009,0.2185,121.9811,2.5577,1.0672,37.9027,51.4609,19.9206,0.8736,16.0318,59.1858,0.136,0.1729,9.4451,365.2382,0.6318,6.2688,0.481,4.053,0.2562,559.7293,789.1983,46.4294,58.4938,5520.7369,5.9957,5.6344,2.2141,3.6194,59.2855,0.1401,0.3893,6.1673,5.2409,25.3134,0.1393,7.7883,131.5267,863.7247,0.7912,0.0615,54.139,17.4214,96.6218,6547.6216,4784.4694,8850.4033,1104.0899,7208.3082,26.2263,160.4135,2932.4851,0.7173,355.4424,19.4024,5.7301,3711.5326,914.3379,70.4494,1.9786,405.9175,0.0019,0,6.6248,560.9379,4.309,6.8006,0.3938,1.8293,0.326,0.2696,6.2799,101.5759,0.0662,0.6128,10.8515,0.0003,1.6735,15645.6812
2005,0.3848,524.9183,1.2663,158.4567,15.6389,4.1485,1268.8428,122.4619,153.6798,4.4625,0.0001,0.172,384.0857,80.41,31.2192,0.1839,119.1447,2.8009,1.1379,40.3747,52.4881,23.3702,0.8601,16.8439,60.0171,0.1498,0.1859,9.9293,369.183,0.6465,6.0089,0.5185,4.3903,0.2529,581.0957,788.364,47.0618,59.1361,6264.7453,6.3955,5.4689,2.4821,4.3302,61.0511,0.1358,0.608,6.3528,5.3736,26.2413,0.1465,7.9052,129.0421,842.0993,0.755,0.0605,50.6702,18.7862,101.397,7331.2629,4992.0368,9647.941,1115.7277,7195.3117,28.2369,178.3832,2919.5845,0.6042,370.4278,19.3776,5.4714,3689.082,926.0765,58.2409,1.7304,408.1656,0.0019,0,6.3911,559.3283,4.9779,7.1877,0.4063,1.7539,0.3313,0.2756,6.3957,103.6244,0.0712,0.6192,11.7719,0.0003,1.4834,15712.6186
2006,0.4237,534.2282,1.4083,151.2318,16.3202,4.1347,1332.7533,127.1976,162.6177,4.4455,0.0001,0.1958,390.1513,78.268,31.9393,0.2323,116.1913,3.8581,1.1587,43.4822,54.0333,25.449,1.095,18.6882,62.4603,0.1736,0.2316,10.773,373.6392,0.6989,8.6153,0.5445,4.1481,0.2704,573.5411,811.6941,46.6288,60.3531,6951.9468,6.2786,5.5737,2.5509,4.8172,58.1662,0.1633,0.6672,6.902,5.444,26.8093,0.1639,8.0106,130.785,855.8555,0.7307,0.0642,58.6219,20.5749,105.501,8047.4716,5260.5026,10356.3055,1181.865,7316.0524,30.2321,188.8716,2905.2048,0.5434,361.5215,18.716,5.7929,3705.9726,921.3051,69.8498,1.8603,397.4259,0.0019,0,5.7065,559.7568,5.6804,8.7214,0.4251,1.8746,0.3705,0.2919,6.3863,102.3784,0.0812,0.6349,11.9154,0.0002,1.3346,15698.3599
2007,0.4575,557.2732,2.0096,146.4052,17.0558,4.2444,1386.4762,137.1441,173.1561,5.154,0.0001,0.2143,400.6653,75.4382,28.9208,0.3719,113.0234,4.3968,1.6294,46.207,57.6369,25.8519,1.3133,19.7228,61.0549,0.1676,0.2771,11.9867,393.0476,0.6717,8.1842,0.5587,4.4224,0.2677,594.0202,816.9536,44.6476,67.7449,7555.488,6.2348,6.7338,2.818,4.2643,60.3554,0.1069,0.7475,7.6997,5.8477,27.6931,0.2048,8.3083,132.3297,826.9926,0.7487,0.0768,53.8836,20.7482,108.9121,8697.1062,5566.3718,11064.9805,1231.3393,7320.5271,30.8396,201.9517,2875.416,0.53,374.6869,22.2614,6.3485,3668.6004,919.5564,68.0645,1.7236,390.2734,0.0019,0,5.1749,550.2287,6.5947,9.2113,0.422,1.9356,0.3859,0.3067,7.1364,105.9982,0.0902,0.6254,12.7009,0.0003,1.607,15867.6792
2008,0.454,588.0186,3.8334,155.5005,19.1194,4.1946,1489.0313,164.2519,179.3129,5.6482,0.0001,0.2307,404.2851,75.2369,32.2306,0.2214,114.3817,4.3641,1.9064,51.3169,54.5608,27.6689,1.3613,21.6499,64.7612,0.1618,0.2788,12.8337,412.7003,0.792,8.9076,0.5631,4.5089,0.2014,574.5625,796.2101,46.0179,71.3169,7783.4264,6.9184,7.0661,2.8914,4.4317,60.297,0.1071,0.7287,7.635,6.0941,26.747,0.2223,8.4936,126.1148,830.3551,0.8106,0.0736,50.634,20.7145,113.7024,8949.0752,5764.5981,11259.3067,1270.9808,7244.0853,31.8723,202.0152,2809.036,0.463,343.0931,20.1355,6.8621,3579.7985,939.9012,59.8237,1.2912,383.0041,0.002,0,5.5185,533.7479,5.6797,8.7464,0.4313,2.0703,0.3923,0.2929,6.6067,101.8304,0.0986,0.6444,11.5689,0.0003,1.6055,15565.2286
2009,0.4927,561.5363,6.0828,147.8734,21.0889,4.2746,1541.7715,165.3369,164.9146,4.5018,0.0001,0.2662,410.2594,68.0563,27.9822,0.2228,107.4038,4.682,1.8454,55.1151,46.5342,27.6556,1.1323,21.6577,61.6233,0.1959,0.2446,13.6481,385.4613,0.7986,8.0208,0.7881,4.1227,0.1961,541.8042,728.5057,44.6539,68.2181,8349.8051,6.4112,7.7113,2.8093,4.9158,63.7613,0.133,0.7101,7.3266,6.0297,26.9615,0.2269,8.2866,119.7074,768.5531,0.7303,0.075,48.4431,19.8346,116.0855,9518.6269,5915.6818,11779.3949,1154.3184,6697.3944,34.6745,210.3349,2595.2168,0.4809,303.7758,16.8114,6.9058,3305.5368,884.8771,57.0755,1.0629,370.3759,0.002,0,5.4483,483.3614,6.4695,10.0472,0.4719,2.1932,0.4351,0.31,5.4778,96.2141,0.1061,0.5588,12.1971,0.0003,1.629,14662.354
2010,0.4822,576.5684,7.7889,166.4575,22.7399,4.5569,1634.2053,171.9537,177.4042,4.2988,0.0001,0.2785,415.2731,73.7958,26.6358,0.3212,114.977,5.0792,1.9695,60.7552,49.5077,28.8353,1.2829,22.2152,66.1177,0.2325,0.3089,14.7785,439.7694,0.8203,7.3793,0.8958,3.374,0.2008,561.6033,758.0058,46.335,72.3154,9134.0724,7.3148,7.8242,2.9444,5.2909,65.7738,0.1566,0.7535,7.2454,6.698,28.207,0.2466,7.9134,120.9891,815.3784,0.8156,0.0773,48.5566,20.9207,118.6147,10389.2031,6206.7784,12763.1868,1231.0684,6988.9209,37.3741,211.7459,2676.8165,0.5167,291.2431,21.558,6.8765,3413.7866,956.5829,65.8425,1.6959,377.7598,0.002,0,5.9573,500.6285,6.2924,11.2481,0.4751,2.5214,0.4427,0.3153,5.7159,89.0919,0.1187,0.6507,11.7768,0.0003,1.7612,15336.4328
2011,0.2902,570.2894,11.4087,177.6335,23.65,4.9882,1678.8153,177.2645,184.8745,4.9037,0.0001,0.2122,412.8096,72.1947,29.4687,0.4189,104.5725,4.9588,2.2344,65.2915,54.7826,29.0035,0.8541,25.2656,62.9636,0.1491,0.1533,16.0796,463.5013,0.6793,7.8611,1.1001,4.0045,0.2194,575.8915,759.6902,42.2986,79.0676,9984.4725,7.0784,7.4251,3.3678,4.8506,70.794,0.1421,0.8799,7.7059,6.1221,27.7668,0.199,7.6557,118.1129,788.5477,0.6329,0.0595,43.4875,21.1204,124.795,11282.5626,6432.5958,13743.1542,1303.6792,7004.506,37.7473,219.3322,2584.8395,0.6166,293.1618,21.6736,7.9592,3317.8348,971.3379,58.2171,1.2448,364.3139,0.002,0,5.819,459.0174,7.5826,12.1317,0.4594,2.6763,0.4677,0.3213,5.954,86.1357,0.0919,0.6919,12.1462,0.0003,1.8334,15222.253
2012,0.3749,589.2651,9.7678,181.2535,24.7162,4.5329,1798.8966,185.0209,188.8658,5.6692,0.0001,0.2261,413.3193,69.0271,32.2806,0.4041,103.0863,4.7231,2.6129,69.8575,49.9151,30.2163,1.0169,23.3084,64.2663,0.1622,0.1776,17.0255,497.7231,0.6435,7.6223,1.0482,3.5123,0.224,567.2705,732.3501,43.609,81.3404,10297.905,9.0201,7.5067,3.0152,4.4786,71.0704,0.1474,0.7586,7.6448,6.9573,28.9339,0.1904,7.1208,114.0232,800.4648,0.8073,0.0543,38.5921,21.8778,140.2599,11627.7474,6770.1871,14131.4308,1297.3792,6941.643,37.9228,232.9413,2548.1588,0.6343,287.3971,20.5236,8.9868,3251.3879,1009.0714,52.3201,1.2044,366.1388,0.002,0,5.8891,481.19,8.2713,14.6402,0.4688,2.5439,0.4503,0.3247,5.5951,81.5462,0.095,0.5459,12.5817,0.0003,2.0026,15044.4827
2013,0.4123,612.7969,8.3,199.7577,28.5342,4.7693,1837.3419,194.9231,193.2397,5.4924,0.0001,0.2593,405.6523,69.6127,33.2113,0.4569,104.4225,4.9691,3.0762,72.0629,44.4509,32.1308,1.091,23.2108,64.4274,0.2045,0.1978,18.0829,523.208,0.7308,7.789,1.0996,5.5122,0.1507,575.2453,707.6707,44.6168,85.402,10792.1384,9.801,8.1741,4.1936,5.4382,80.9287,0.1768,0.7413,7.9452,7.0726,29.0939,0.2161,6.4395,109.5259,818.2784,0.8864,0.0599,40.3391,21.4767,145.7032,12129.5686,6829.0597,14640.4234,1291.0804,6787.6625,40.3491,228.7388,2490.6858,0.5935,260.5978,22.9144,10.4422,3168.3446,1021.7766,53.3272,1.3725,360.9924,0.002,0,6.0766,470.1718,9.1459,15.5631,0.5,2.2972,0.4518,0.3338,5.7233,73.8659,0.1225,0.5471,13.5353,0.0003,1.9774,15076.0756
2014,0.4407,635.6297,7.8257,208.9779,30.8873,5.0958,1901.2005,197.9033,190.0821,5.7603,0.0001,0.2795,396.2575,65.929,34.7241,0.4065,97.7245,5.4582,2.7593,76.6369,47.3148,33.3022,1.1362,20.792,63.9688,0.2035,0.2718,19.4449,546.1498,0.6679,8.1066,1.1223,7.1367,0.1621,580.4828,689.3852,40.9097,78.6954,10916.9228,10.4591,8.8645,5.386,5.2762,82.1711,0.155,0.7763,8.056,7.5163,26.9244,0.2315,6.8161,107.2328,779.2231,0.8859,0.0669,36.2043,21.6938,155.0108,12327.9234,7137.3436,14777.7674,1204.1553,6500.715,42.5426,233.093,2366.0204,0.5956,258.0155,21.9208,12.4046,3025.8963,981.07,49.4374,1.559,328.0879,0.002,0,6.2661,430.4962,9.8372,14.9977,0.5373,2.3791,0.4848,0.3422,5.7179,71.0042,0.1099,0.4891,14.5332,0.0002,2.0651,14884.624
2015,0.462,621.8665,8.3465,208.8912,33.0975,4.8635,1946.8165,206.6195,196.2522,5.6166,0.0001,0.2908,400.5424,67.3691,34.5224,0.4318,102.3791,5.8087,3.9046,85.4306,49.8542,33.4755,1.1202,20.8252,59.1668,0.246,0.2305,19.9348,517.5896,0.7203,7.3651,1.3047,7.0877,0.2315,577.1296,699.8398,40.233,84.3487,10776.9127,11.265,9.179,3.4909,5.7499,83.5227,0.1698,0.7841,7.77,7.7451,29.4706,0.2502,6.855,108.2847,785.3872,0.8097,0.0724,34.0736,23.8683,164.8621,12233.0959,7207.7757,14663.3222,1139.2953,6489.6837,42.2632,239.3925,2417.5308,0.5776,275.0786,19.991,13.5096,3086.2151,904.1184,45.971,1.6164,332.9749,0.002,0,6.4401,415.856,10.6455,15.7885,0.5872,2.8452,0.5043,0.3594,5.4069,69.4476,0.117,0.5261,16.9746,0.0002,2.0746,14857.3772
2016,0.4849,628.5365,7.5276,217.443,31.2858,4.5303,1970.4441,212.2197,194.1702,5.3743,0.0001,0.3147,408.5061,67.7825,34.4149,0.482,101.261,7.1455,3.8974,93.9764,47.1224,33.4618,1.2453,23.5017,59.0618,0.2594,0.3115,21.3426,482.4293,0.7736,7.8992,1.4193,6.7507,0.2492,575.8711,710.316,40.7897,88.8319,10805.0515,11.4035,9.6961,2.6899,5.5898,85.853,0.1984,0.8224,8.2435,8.6239,27.3713,0.2626,7.2207,109.8082,789.7138,0.7388,0.0777,35.7064,24.8649,160.9903,12296.0006,7336.1333,14747.4895,1182.8763,6496.6718,40.9719,250.0974,2415.8438,0.5971,266.5311,19.9798,16.0316,3094.7766,912.0218,48.8035,1.5918,335.7678,0.002,0,6.5,393.3439,11.0236,16.1935,0.6124,3.2029,0.5084,0.3751,5.3893,68.156,0.1274,0.5257,18.0397,0.0003,2.4572,14746.1161
2017,0.4666,637.9068,8.0661,218.2637,27.9421,5.3415,2000.1477,204.258,191.3792,5.6886,0.0001,0.277,410.8371,70.1063,34.2297,0.5362,99.7004,7.2415,4.4586,101.0249,49.2795,33.7559,1.3736,23.9871,60.221,0.2834,0.2852,21.7595,494.4986,0.6824,7.8714,1.5444,7.4431,0.2593,593.0442,737.2788,39.8069,89.7172,11037.1271,12.3298,9.8479,3.1292,5.5307,78.1782,0.2552,0.8695,8.3908,8.1409,26.4932,0.2804,7.3619,110.375,774.9482,0.6638,0.0692,33.5724,23.7791,166.5514,12623.2552,7634.7056,15074.9806,1223.5055,6576.8045,39.7641,262.0766,2420.4532,0.5861,281.6954,21.2227,15.8688,3118.7076,910.7166,46.073,1.7498,339.3458,0.002,0,5.6267,381.2854,11.169,16.9641,0.6498,3.2127,0.5123,0.3003,4.887,68.3789,0.1279,0.514,17.1524,0.0003,2.4688,14718.9265
2018,0.4659,645.8367,7.932,230.4901,26.2589,5.3056,1984.9822,187.0555,189.8389,5.9509,0.0001,0.2949,409.2067,67.1868,34.7619,0.7209,100.0981,8.2462,4.9703,105.485,46.2331,33.824,1.5426,24.0596,63.5591,0.2466,0.312,21.9396,470.7686,0.7391,8.0301,1.7949,8.2057,0.2692,613.6582,733.8325,38.5013,89.7848,11572.4164,12.3429,10.513,3.1027,6.3865,82.0012,0.2787,0.8751,8.4537,8.1575,26.848,0.2697,7.2127,109.3389,747.2145,0.7183,0.0749,33.6544,25.6208,174.8357,13289.577,7790.1967,15701.6692,1243.6094,6596.1952,41.3717,256.5749,2357.3944,0.655,275.1301,22.3588,17.4652,3049.511,940.6829,47.4348,1.8451,328.6302,0.002,0,5.2577,373.2205,11.1345,19.1324,0.6897,3.2467,0.5171,0.3021,4.6826,66.5823,0.1308,0.5193,18.7548,0.0003,2.5808,14821.0842
2019,0.5579,654.5401,7.2491,240.4359,27.5732,4.9535,2010.0404,197.6423,183.2869,6.4241,0.0001,0.3403,407.8604,68.5332,36.9813,0.7942,99.8825,8.0279,5.5183,108.0751,44.5731,36.8473,1.7719,22.5935,61.3745,0.2685,0.3584,21.9785,468.1262,0.8342,7.6033,1.9641,7.3371,0.2915,607.2496,696.2009,38.3792,95.2152,11850.5929,13.1903,10.2374,3.3545,7.202,82.7065,0.3185,0.9281,8.2067,9.4416,24.5782,0.3766,7.2155,103.3032,697.0085,0.7075,0.0841,30.2022,28.5246,181.6493,13693.6881,7822.8262,16047.7668,1210.4032,6472.577,40.8262,237.0639,2246.9277,0.6735,257.7259,14.7078,18.8294,2908.1569,931.3953,44.1406,1.9181,322.7523,0.002,0,5.4389,357.3326,11.9198,20.2014,0.7174,3.4462,0.5594,0.3202,4.5551,61.6191,0.1502,0.5238,19.6794,0.0004,2.7934,14545.0976
2020,0.4526,578.052,7.0541,235.9365,20.7109,4.5608,1918.1944,195.4909,170.1203,6.9138,0.0001,0.2759,392.5191,62.5998,35.404,0.8821,92.267,8.5747,5.5195,102.4575,39.4909,36.8445,1.4374,22.5309,58.1656,0.219,0.3155,18.5445,447.4235,0.6716,9.9037,1.7369,6.0885,0.3031,546.6751,651.7116,35.8868,87.4782,12022.433,13.0806,10.3805,3.4582,7.3686,80.8649,0.3344,0.9758,7.1803,9.1647,21.5997,0.3056,6.8014,94.3916,642.552,0.7348,0.0684,27.7967,26.9003,171.8931,13804.5789,7326.6375,16029.3684,1210.1674,6082.1472,35.7125,226.1884,2020.1248,0.6718,218.7442,11.4808,16.8774,2641.1878,817.1985,39.4649,1.9348,287.3243,0.0021,0,5.3096,319.0147,11.5463,22.149,0.6394,3.6011,0.5873,0.3355,4.469,52.3729,0.1219,0.5275,17.6422,0.0004,3.3298,13426.3511
2021,0.5006,606.3945,7.9308,249.1554,25.2628,5.0393,2005.5031,201.3251,190.662,7.5092,0.0001,0.3052,384.6772,66.1753,37.4346,0.8874,96.251,6.4578,5.9322,116.6813,45.7855,37.2756,1.5901,22.9648,58.6377,0.2456,0.3311,21.8107,505.9915,0.7572,9.7462,1.8703,6.5964,0.3084,561.6259,701.6091,37.5792,89.0743,12621.6147,14.5134,10.2313,3.5103,7.0188,87.9477,0.3403,0.9927,8.0185,9.4691,21.1483,0.3381,6.9042,99.1481,677.8039,0.7928,0.0755,29.3959,29.6662,179.7421,14418.2017,7833.4948,16665.5463,1279.4751,6496.1299,39.8896,249.7365,2165.034,0.7122,237.5869,12.3095,17.2771,2833.7549,832.932,39.4364,2.0281,319.4248,0.0021,0,5.1377,339.4953,12.1472,25.0095,0.6467,3.673,0.5975,0.3413,4.3582,54.1984,0.1348,0.5484,20.2432,0.0004,3.2698,14137.1313
2022,0.5027,588.4335,8.2599,251.4104,27.353,4.609,2053.4305,206.8995,193.4816,7.2893,0.0001,0.3065,374.8785,61.2237,39.4268,0.8396,89.7393,6.619,6.1439,124.0779,50.0681,36.2891,1.5968,22.7127,56.8266,0.2617,0.3324,22.7374,478.9143,0.7598,9.4485,1.9267,7.2827,0.3528,575.3213,688.8997,34.4133,88.845,12526.8263,14.7633,10.8265,3.892,7.7196,91.7605,0.3172,1.0371,8.09,9.4825,20.8476,0.3395,7.1853,99.4325,659.5018,0.7485,0.0758,28.1415,29.6442,186.6444,14379.0057,8100.7567,16495.532,1198.6666,6389.8899,42.2602,247.1607,2102.1807,0.6674,235.4712,12.5882,16.5391,2756.9063,801.6112,36.1537,2.1386,310.4579,0.0021,0,5.395,327.4607,12.6339,24.7887,0.675,3.8088,0.6241,0.3565,4.1612,54.9323,0.1353,0.5758,19.9773,0.0004,3.3222,14060.6136
2023,0.53,579.8655,8.7073,245.6408,28.2299,4.5918,2089.4414,205.9913,183.7784,7.7251,0.0001,0.3231,373.6164,58.8151,42.7662,0.8443,84.3061,6.4379,5.9993,124.7934,39.7926,37.4256,1.6837,21.9967,54.1757,0.2785,0.3505,23.8069,479.5042,0.7962,9.7161,1.9867,7.4247,0.3684,575.012,627.3074,34.2217,83.9992,13259.639,14.4125,10.7556,3.7995,7.2508,100.8627,0.3177,1.0063,8.5733,9.7486,22.067,0.358,7.1833,90.5128,582.9506,0.7492,0.0799,26.7729,31.3508,180.3576,15206.0032,8389.5306,17247.0863,1200.8516,6165.4863,45.3282,249.3319,1918.0922,0.6685,217.2617,11.4364,16.7077,2512.068,812.4632,32.2689,2.2105,282.4275,0.0021,0,4.9269,302.1033,12.8636,24.1638,0.6886,3.7154,0.6058,0.346,3.7768,51.674,0.1427,0.5822,21.3494,0.0004,3.3042,13682.1238
2024,,,,,,,,,,,,,,,,,,,,,,,,,,,,,,,,,,,,,,,,,,,,,,,,,,,,,,,,,,,,,,,,,,,,,,,,,,,,,,,,,,,,,,,,,,,,,
